run,key,regime,user,controller,feature_kind,method,M,L,proposal_std,episodes,task_success_count,successful_target_count,target_rate,fallback_count,mean_valid_current_fraction,batch_replan_seconds
pilot-seed0,centered__upper_narrow_direction__oracle_soft,centered,upper_narrow_direction,oracle,continuous,soft,8,4,1.0,16,16,6,0.375,0,1.0,11.515313894022256
pilot-seed0,centered__upper_narrow_direction__learned_20,centered,upper_narrow_direction,learned20,continuous,soft,8,4,1.0,16,16,6,0.375,0,1.0,11.496737712062895
pilot-seed0,centered__upper_narrow_width__oracle_soft,centered,upper_narrow_width,oracle,continuous,soft,8,4,1.0,16,16,3,0.1875,0,1.0,11.495806130056735
pilot-seed0,centered__upper_narrow_width__learned_20,centered,upper_narrow_width,learned20,continuous,soft,8,4,1.0,16,16,3,0.1875,0,1.0,11.522504713037051
pilot-seed0,centered__upper_wide_direction__oracle_soft,centered,upper_wide_direction,oracle,continuous,soft,8,4,1.0,16,16,0,0.0,0,1.0,11.510943636880256
pilot-seed0,centered__upper_wide_direction__learned_20,centered,upper_wide_direction,learned20,continuous,soft,8,4,1.0,16,16,0,0.0,0,1.0,11.52746092597954
pilot-seed0,centered__upper_wide_width__oracle_soft,centered,upper_wide_width,oracle,continuous,soft,8,4,1.0,16,16,0,0.0,0,1.0,11.524975445878226
pilot-seed0,centered__upper_wide_width__learned_20,centered,upper_wide_width,learned20,continuous,soft,8,4,1.0,16,16,0,0.0,0,1.0,11.503487555950414
pilot-seed0,centered__lower_narrow_direction__oracle_soft,centered,lower_narrow_direction,oracle,continuous,soft,8,4,1.0,16,16,7,0.4375,0,1.0,11.499843033961952
pilot-seed0,centered__lower_narrow_direction__learned_20,centered,lower_narrow_direction,learned20,continuous,soft,8,4,1.0,16,16,8,0.5,0,1.0,11.547038334945682
pilot-seed0,centered__lower_narrow_width__oracle_soft,centered,lower_narrow_width,oracle,continuous,soft,8,4,1.0,16,16,3,0.1875,0,1.0,11.720295421022456
pilot-seed0,centered__lower_narrow_width__learned_20,centered,lower_narrow_width,learned20,continuous,soft,8,4,1.0,16,16,3,0.1875,0,1.0,11.53215033392189
pilot-seed0,centered__lower_wide_direction__oracle_soft,centered,lower_wide_direction,oracle,continuous,soft,8,4,1.0,16,16,0,0.0,0,1.0,11.512101806991268
pilot-seed0,centered__lower_wide_direction__learned_20,centered,lower_wide_direction,learned20,continuous,soft,8,4,1.0,16,16,0,0.0,0,1.0,11.55425119312713
pilot-seed0,centered__lower_wide_width__oracle_soft,centered,lower_wide_width,oracle,continuous,soft,8,4,1.0,16,16,0,0.0,0,1.0,11.508683944994118
pilot-seed0,centered__lower_wide_width__learned_20,centered,lower_wide_width,learned20,continuous,soft,8,4,1.0,16,16,0,0.0,0,1.0,11.504660788923502
pilot-seed0,gaussian__upper_narrow_direction__oracle_soft,gaussian,upper_narrow_direction,oracle,continuous,soft,8,4,1.0,16,16,2,0.125,0,1.0,11.51085822796449
pilot-seed0,gaussian__upper_narrow_direction__learned_20,gaussian,upper_narrow_direction,learned20,continuous,soft,8,4,1.0,16,16,2,0.125,0,1.0,11.531110990908928
pilot-seed0,gaussian__upper_narrow_width__oracle_soft,gaussian,upper_narrow_width,oracle,continuous,soft,8,4,1.0,16,16,2,0.125,0,1.0,11.621804980037268
pilot-seed0,gaussian__upper_narrow_width__learned_20,gaussian,upper_narrow_width,learned20,continuous,soft,8,4,1.0,16,16,2,0.125,0,1.0,11.525221394142136
pilot-seed0,gaussian__upper_wide_direction__oracle_soft,gaussian,upper_wide_direction,oracle,continuous,soft,8,4,1.0,16,16,6,0.375,0,1.0,11.57204631093191
pilot-seed0,gaussian__upper_wide_direction__learned_20,gaussian,upper_wide_direction,learned20,continuous,soft,8,4,1.0,16,16,6,0.375,0,1.0,11.50677584798541
pilot-seed0,gaussian__upper_wide_width__oracle_soft,gaussian,upper_wide_width,oracle,continuous,soft,8,4,1.0,16,16,6,0.375,0,1.0,11.520802472077776
pilot-seed0,gaussian__upper_wide_width__learned_20,gaussian,upper_wide_width,learned20,continuous,soft,8,4,1.0,16,16,6,0.375,0,1.0,11.537706829956733
pilot-seed0,gaussian__lower_narrow_direction__oracle_soft,gaussian,lower_narrow_direction,oracle,continuous,soft,8,4,1.0,16,16,1,0.0625,0,1.0,11.513432345062029
pilot-seed0,gaussian__lower_narrow_direction__learned_20,gaussian,lower_narrow_direction,learned20,continuous,soft,8,4,1.0,16,16,1,0.0625,0,1.0,11.541702621965669
pilot-seed0,gaussian__lower_narrow_width__oracle_soft,gaussian,lower_narrow_width,oracle,continuous,soft,8,4,1.0,16,16,3,0.1875,0,1.0,11.520193118951283
pilot-seed0,gaussian__lower_narrow_width__learned_20,gaussian,lower_narrow_width,learned20,continuous,soft,8,4,1.0,16,16,3,0.1875,0,1.0,11.522566671075765
pilot-seed0,gaussian__lower_wide_direction__oracle_soft,gaussian,lower_wide_direction,oracle,continuous,soft,8,4,1.0,16,16,8,0.5,0,1.0,11.514577261928935
pilot-seed0,gaussian__lower_wide_direction__learned_20,gaussian,lower_wide_direction,learned20,continuous,soft,8,4,1.0,16,16,8,0.5,0,1.0,11.545712772058323
pilot-seed0,gaussian__lower_wide_width__oracle_soft,gaussian,lower_wide_width,oracle,continuous,soft,8,4,1.0,16,16,9,0.5625,0,1.0,11.517133118933998
pilot-seed0,gaussian__lower_wide_width__learned_20,gaussian,lower_wide_width,learned20,continuous,soft,8,4,1.0,16,16,9,0.5625,0,1.0,11.525269428966567
mode-aligned-soft-M8-std1,centered__upper_narrow_direction__oracle_soft,centered,upper_narrow_direction,oracle,mode,soft,8,4,1.0,16,16,11,0.6875,0,1.0,11.95581872202456
mode-aligned-soft-M8-std1,centered__upper_narrow_direction__learned_20,centered,upper_narrow_direction,learned20,mode,soft,8,4,1.0,16,16,11,0.6875,0,1.0,11.957748943998013
mode-aligned-soft-M8-std1,centered__upper_narrow_width__oracle_soft,centered,upper_narrow_width,oracle,mode,soft,8,4,1.0,16,16,11,0.6875,0,1.0,11.924296079028863
mode-aligned-soft-M8-std1,centered__upper_narrow_width__learned_20,centered,upper_narrow_width,learned20,mode,soft,8,4,1.0,16,16,11,0.6875,0,1.0,11.975733792001847
mode-aligned-soft-M8-std1,centered__upper_wide_direction__oracle_soft,centered,upper_wide_direction,oracle,mode,soft,8,4,1.0,16,16,0,0.0,0,1.0,11.890594422002323
mode-aligned-soft-M8-std1,centered__upper_wide_direction__learned_20,centered,upper_wide_direction,learned20,mode,soft,8,4,1.0,16,16,0,0.0,0,1.0,11.87967771984404
mode-aligned-soft-M8-std1,centered__upper_wide_width__oracle_soft,centered,upper_wide_width,oracle,mode,soft,8,4,1.0,16,16,0,0.0,0,1.0,11.982078054919839
mode-aligned-soft-M8-std1,centered__upper_wide_width__learned_20,centered,upper_wide_width,learned20,mode,soft,8,4,1.0,16,16,0,0.0,0,1.0,11.865171121957246
mode-aligned-soft-M8-std1,centered__lower_narrow_direction__oracle_soft,centered,lower_narrow_direction,oracle,mode,soft,8,4,1.0,16,16,12,0.75,0,1.0,11.939976634108461
mode-aligned-soft-M8-std1,centered__lower_narrow_direction__learned_20,centered,lower_narrow_direction,learned20,mode,soft,8,4,1.0,16,16,12,0.75,0,1.0,11.948089959914796
mode-aligned-soft-M8-std1,centered__lower_narrow_width__oracle_soft,centered,lower_narrow_width,oracle,mode,soft,8,4,1.0,16,16,11,0.6875,0,1.0,12.113753295969218
mode-aligned-soft-M8-std1,centered__lower_narrow_width__learned_20,centered,lower_narrow_width,learned20,mode,soft,8,4,1.0,16,16,11,0.6875,0,1.0,11.99129335588077
mode-aligned-soft-M8-std1,centered__lower_wide_direction__oracle_soft,centered,lower_wide_direction,oracle,mode,soft,8,4,1.0,16,16,0,0.0,0,1.0,12.085337130934931
mode-aligned-soft-M8-std1,centered__lower_wide_direction__learned_20,centered,lower_wide_direction,learned20,mode,soft,8,4,1.0,16,16,0,0.0,0,1.0,11.999726234935224
mode-aligned-soft-M8-std1,centered__lower_wide_width__oracle_soft,centered,lower_wide_width,oracle,mode,soft,8,4,1.0,16,16,0,0.0,0,1.0,11.932827598939184
mode-aligned-soft-M8-std1,centered__lower_wide_width__learned_20,centered,lower_wide_width,learned20,mode,soft,8,4,1.0,16,16,0,0.0,0,1.0,12.07239472103538
mode-aligned-soft-M8-std1,gaussian__upper_narrow_direction__oracle_soft,gaussian,upper_narrow_direction,oracle,mode,soft,8,4,1.0,16,16,3,0.1875,0,1.0,11.973690165032167
mode-aligned-soft-M8-std1,gaussian__upper_narrow_direction__learned_20,gaussian,upper_narrow_direction,learned20,mode,soft,8,4,1.0,16,16,3,0.1875,0,1.0,11.952877257193904
mode-aligned-soft-M8-std1,gaussian__upper_narrow_width__oracle_soft,gaussian,upper_narrow_width,oracle,mode,soft,8,4,1.0,16,16,3,0.1875,0,1.0,11.950439638108946
mode-aligned-soft-M8-std1,gaussian__upper_narrow_width__learned_20,gaussian,upper_narrow_width,learned20,mode,soft,8,4,1.0,16,16,3,0.1875,0,1.0,11.960132739972323
mode-aligned-soft-M8-std1,gaussian__upper_wide_direction__oracle_soft,gaussian,upper_wide_direction,oracle,mode,soft,8,4,1.0,16,16,6,0.375,0,1.0,11.85744051396614
mode-aligned-soft-M8-std1,gaussian__upper_wide_direction__learned_20,gaussian,upper_wide_direction,learned20,mode,soft,8,4,1.0,16,16,6,0.375,0,1.0,11.77502055594232
mode-aligned-soft-M8-std1,gaussian__upper_wide_width__oracle_soft,gaussian,upper_wide_width,oracle,mode,soft,8,4,1.0,16,16,6,0.375,0,1.0,11.75434991903603
mode-aligned-soft-M8-std1,gaussian__upper_wide_width__learned_20,gaussian,upper_wide_width,learned20,mode,soft,8,4,1.0,16,16,6,0.375,0,1.0,11.749880191986449
mode-aligned-soft-M8-std1,gaussian__lower_narrow_direction__oracle_soft,gaussian,lower_narrow_direction,oracle,mode,soft,8,4,1.0,16,16,3,0.1875,0,1.0,11.743000601883978
mode-aligned-soft-M8-std1,gaussian__lower_narrow_direction__learned_20,gaussian,lower_narrow_direction,learned20,mode,soft,8,4,1.0,16,16,3,0.1875,0,1.0,11.765870485920459
mode-aligned-soft-M8-std1,gaussian__lower_narrow_width__oracle_soft,gaussian,lower_narrow_width,oracle,mode,soft,8,4,1.0,16,16,3,0.1875,0,1.0,11.771975011040922
mode-aligned-soft-M8-std1,gaussian__lower_narrow_width__learned_20,gaussian,lower_narrow_width,learned20,mode,soft,8,4,1.0,16,16,3,0.1875,0,1.0,11.79508128395537
mode-aligned-soft-M8-std1,gaussian__lower_wide_direction__oracle_soft,gaussian,lower_wide_direction,oracle,mode,soft,8,4,1.0,16,16,9,0.5625,0,1.0,11.842375795997214
mode-aligned-soft-M8-std1,gaussian__lower_wide_direction__learned_20,gaussian,lower_wide_direction,learned20,mode,soft,8,4,1.0,16,16,9,0.5625,0,1.0,11.793182391906157
mode-aligned-soft-M8-std1,gaussian__lower_wide_width__oracle_soft,gaussian,lower_wide_width,oracle,mode,soft,8,4,1.0,16,16,9,0.5625,0,1.0,11.800394988968037
mode-aligned-soft-M8-std1,gaussian__lower_wide_width__learned_20,gaussian,lower_wide_width,learned20,mode,soft,8,4,1.0,16,16,9,0.5625,0,1.0,11.848752062069252
mode-aligned-best-M8-std1,centered__upper_narrow_direction__oracle_best,centered,upper_narrow_direction,oracle,mode,best,8,4,1.0,16,16,11,0.6875,0,1.0,12.437788013136014
mode-aligned-best-M8-std1,centered__upper_narrow_direction__learned_20,centered,upper_narrow_direction,learned20,mode,best,8,4,1.0,16,16,11,0.6875,0,1.0,12.385220180964097
mode-aligned-best-M8-std1,centered__upper_narrow_width__oracle_best,centered,upper_narrow_width,oracle,mode,best,8,4,1.0,16,16,11,0.6875,0,1.0,12.221237107820343
mode-aligned-best-M8-std1,centered__upper_narrow_width__learned_20,centered,upper_narrow_width,learned20,mode,best,8,4,1.0,16,16,11,0.6875,0,1.0,12.201684903004207
mode-aligned-best-M8-std1,centered__upper_wide_direction__oracle_best,centered,upper_wide_direction,oracle,mode,best,8,4,1.0,16,16,0,0.0,0,1.0,12.307200848939829
mode-aligned-best-M8-std1,centered__upper_wide_direction__learned_20,centered,upper_wide_direction,learned20,mode,best,8,4,1.0,16,16,0,0.0,0,1.0,12.200451637909282
mode-aligned-best-M8-std1,centered__upper_wide_width__oracle_best,centered,upper_wide_width,oracle,mode,best,8,4,1.0,16,16,0,0.0,0,1.0,12.277023870905396
mode-aligned-best-M8-std1,centered__upper_wide_width__learned_20,centered,upper_wide_width,learned20,mode,best,8,4,1.0,16,16,0,0.0,0,1.0,12.25379750697175
mode-aligned-best-M8-std1,centered__lower_narrow_direction__oracle_best,centered,lower_narrow_direction,oracle,mode,best,8,4,1.0,16,16,12,0.75,0,1.0,12.221263504005037
mode-aligned-best-M8-std1,centered__lower_narrow_direction__learned_20,centered,lower_narrow_direction,learned20,mode,best,8,4,1.0,16,16,12,0.75,0,1.0,12.327730514050927
mode-aligned-best-M8-std1,centered__lower_narrow_width__oracle_best,centered,lower_narrow_width,oracle,mode,best,8,4,1.0,16,16,12,0.75,0,1.0,12.633680806029588
mode-aligned-best-M8-std1,centered__lower_narrow_width__learned_20,centered,lower_narrow_width,learned20,mode,best,8,4,1.0,16,16,12,0.75,0,1.0,12.26320412196219
mode-aligned-best-M8-std1,centered__lower_wide_direction__oracle_best,centered,lower_wide_direction,oracle,mode,best,8,4,1.0,16,16,0,0.0,0,1.0,12.26526424702024
mode-aligned-best-M8-std1,centered__lower_wide_direction__learned_20,centered,lower_wide_direction,learned20,mode,best,8,4,1.0,16,16,0,0.0,0,1.0,12.342678559012711
mode-aligned-best-M8-std1,centered__lower_wide_width__oracle_best,centered,lower_wide_width,oracle,mode,best,8,4,1.0,16,16,0,0.0,0,1.0,12.324079088924918
mode-aligned-best-M8-std1,centered__lower_wide_width__learned_20,centered,lower_wide_width,learned20,mode,best,8,4,1.0,16,16,0,0.0,0,1.0,12.27927127899602
mode-aligned-best-M8-std1,gaussian__upper_narrow_direction__oracle_best,gaussian,upper_narrow_direction,oracle,mode,best,8,4,1.0,16,16,3,0.1875,0,1.0,12.271942492981907
mode-aligned-best-M8-std1,gaussian__upper_narrow_direction__learned_20,gaussian,upper_narrow_direction,learned20,mode,best,8,4,1.0,16,16,3,0.1875,0,1.0,12.255390569043811
mode-aligned-best-M8-std1,gaussian__upper_narrow_width__oracle_best,gaussian,upper_narrow_width,oracle,mode,best,8,4,1.0,16,16,3,0.1875,0,1.0,12.136945245030802
mode-aligned-best-M8-std1,gaussian__upper_narrow_width__learned_20,gaussian,upper_narrow_width,learned20,mode,best,8,4,1.0,16,16,3,0.1875,0,1.0,12.064124108990654
mode-aligned-best-M8-std1,gaussian__upper_wide_direction__oracle_best,gaussian,upper_wide_direction,oracle,mode,best,8,4,1.0,16,16,6,0.375,0,1.0,12.05805006006267
mode-aligned-best-M8-std1,gaussian__upper_wide_direction__learned_20,gaussian,upper_wide_direction,learned20,mode,best,8,4,1.0,16,16,6,0.375,0,1.0,12.07180579303531
mode-aligned-best-M8-std1,gaussian__upper_wide_width__oracle_best,gaussian,upper_wide_width,oracle,mode,best,8,4,1.0,16,16,6,0.375,0,1.0,12.05332809506217
mode-aligned-best-M8-std1,gaussian__upper_wide_width__learned_20,gaussian,upper_wide_width,learned20,mode,best,8,4,1.0,16,16,6,0.375,0,1.0,12.08927495701937
mode-aligned-best-M8-std1,gaussian__lower_narrow_direction__oracle_best,gaussian,lower_narrow_direction,oracle,mode,best,8,4,1.0,16,16,4,0.25,0,1.0,12.101162330945954
mode-aligned-best-M8-std1,gaussian__lower_narrow_direction__learned_20,gaussian,lower_narrow_direction,learned20,mode,best,8,4,1.0,16,16,4,0.25,0,1.0,12.119422852003481
mode-aligned-best-M8-std1,gaussian__lower_narrow_width__oracle_best,gaussian,lower_narrow_width,oracle,mode,best,8,4,1.0,16,16,4,0.25,0,1.0,12.09908142092172
mode-aligned-best-M8-std1,gaussian__lower_narrow_width__learned_20,gaussian,lower_narrow_width,learned20,mode,best,8,4,1.0,16,16,4,0.25,0,1.0,12.088612377934624
mode-aligned-best-M8-std1,gaussian__lower_wide_direction__oracle_best,gaussian,lower_wide_direction,oracle,mode,best,8,4,1.0,16,16,9,0.5625,0,1.0,12.177750549162738
mode-aligned-best-M8-std1,gaussian__lower_wide_direction__learned_20,gaussian,lower_wide_direction,learned20,mode,best,8,4,1.0,16,16,9,0.5625,0,1.0,12.102562764950562
mode-aligned-best-M8-std1,gaussian__lower_wide_width__oracle_best,gaussian,lower_wide_width,oracle,mode,best,8,4,1.0,16,16,9,0.5625,0,1.0,11.96297752787359
mode-aligned-best-M8-std1,gaussian__lower_wide_width__learned_20,gaussian,lower_wide_width,learned20,mode,best,8,4,1.0,16,16,9,0.5625,0,1.0,11.82902218902018
mode-aligned-ablation-M32-std1,centered__upper_narrow_direction__soft__m32,centered,upper_narrow_direction,oracle,mode,soft,32,4,1.0,16,16,16,1.0,0,1.0,16.12138560798485
mode-aligned-ablation-M32-std1,centered__upper_narrow_direction__best__m32,centered,upper_narrow_direction,oracle,mode,best,32,4,1.0,16,16,16,1.0,0,1.0,16.37695819605142
mode-aligned-ablation-M32-std1,centered__upper_narrow_width__soft__m32,centered,upper_narrow_width,oracle,mode,soft,32,4,1.0,16,16,14,0.875,0,1.0,13.891866585996468
mode-aligned-ablation-M32-std1,centered__upper_narrow_width__best__m32,centered,upper_narrow_width,oracle,mode,best,32,4,1.0,16,16,16,1.0,0,1.0,12.54190487798769
mode-aligned-ablation-M32-std1,centered__upper_wide_direction__soft__m32,centered,upper_wide_direction,oracle,mode,soft,32,4,1.0,16,16,0,0.0,0,1.0,12.616091044037603
mode-aligned-ablation-M32-std1,centered__upper_wide_direction__best__m32,centered,upper_wide_direction,oracle,mode,best,32,4,1.0,16,16,0,0.0,0,1.0,16.25504232000094
mode-aligned-ablation-M32-std1,centered__upper_wide_width__soft__m32,centered,upper_wide_width,oracle,mode,soft,32,4,1.0,16,16,0,0.0,0,1.0,16.30420724704163
mode-aligned-ablation-M32-std1,centered__upper_wide_width__best__m32,centered,upper_wide_width,oracle,mode,best,32,4,1.0,16,16,0,0.0,0,1.0,16.481438650982454
mode-aligned-ablation-M32-std1,centered__lower_narrow_direction__soft__m32,centered,lower_narrow_direction,oracle,mode,soft,32,4,1.0,16,16,16,1.0,0,1.0,16.325629080994986
mode-aligned-ablation-M32-std1,centered__lower_narrow_direction__best__m32,centered,lower_narrow_direction,oracle,mode,best,32,4,1.0,16,16,16,1.0,0,1.0,16.400134426017758
mode-aligned-ablation-M32-std1,centered__lower_narrow_width__soft__m32,centered,lower_narrow_width,oracle,mode,soft,32,4,1.0,16,16,15,0.9375,0,1.0,16.213804383936804
mode-aligned-ablation-M32-std1,centered__lower_narrow_width__best__m32,centered,lower_narrow_width,oracle,mode,best,32,4,1.0,16,16,16,1.0,0,1.0,16.402288340963423
mode-aligned-ablation-M32-std1,centered__lower_wide_direction__soft__m32,centered,lower_wide_direction,oracle,mode,soft,32,4,1.0,16,16,0,0.0,0,1.0,16.683968388999347
mode-aligned-ablation-M32-std1,centered__lower_wide_direction__best__m32,centered,lower_wide_direction,oracle,mode,best,32,4,1.0,16,16,0,0.0,0,1.0,16.69820277299732
mode-aligned-ablation-M32-std1,centered__lower_wide_width__soft__m32,centered,lower_wide_width,oracle,mode,soft,32,4,1.0,16,16,0,0.0,0,1.0,15.691339656012133
mode-aligned-ablation-M32-std1,centered__lower_wide_width__best__m32,centered,lower_wide_width,oracle,mode,best,32,4,1.0,16,16,0,0.0,0,1.0,15.769855862075929
mode-aligned-ablation-M32-std1,gaussian__upper_narrow_direction__soft__m32,gaussian,upper_narrow_direction,oracle,mode,soft,32,4,1.0,16,16,3,0.1875,0,1.0,15.805258359992877
mode-aligned-ablation-M32-std1,gaussian__upper_narrow_direction__best__m32,gaussian,upper_narrow_direction,oracle,mode,best,32,4,1.0,16,16,3,0.1875,0,1.0,15.779988740046974
mode-aligned-ablation-M32-std1,gaussian__upper_narrow_width__soft__m32,gaussian,upper_narrow_width,oracle,mode,soft,32,4,1.0,16,16,3,0.1875,0,1.0,15.799545636109542
mode-aligned-ablation-M32-std1,gaussian__upper_narrow_width__best__m32,gaussian,upper_narrow_width,oracle,mode,best,32,4,1.0,16,16,3,0.1875,0,1.0,15.780221261898987
mode-aligned-ablation-M32-std1,gaussian__upper_wide_direction__soft__m32,gaussian,upper_wide_direction,oracle,mode,soft,32,4,1.0,16,16,6,0.375,0,1.0,15.893951217993163
mode-aligned-ablation-M32-std1,gaussian__upper_wide_direction__best__m32,gaussian,upper_wide_direction,oracle,mode,best,32,4,1.0,16,16,6,0.375,0,1.0,15.790605747082736
mode-aligned-ablation-M32-std1,gaussian__upper_wide_width__soft__m32,gaussian,upper_wide_width,oracle,mode,soft,32,4,1.0,16,16,6,0.375,0,1.0,15.778154205996543
mode-aligned-ablation-M32-std1,gaussian__upper_wide_width__best__m32,gaussian,upper_wide_width,oracle,mode,best,32,4,1.0,16,16,6,0.375,0,1.0,15.863799091952387
mode-aligned-ablation-M32-std1,gaussian__lower_narrow_direction__soft__m32,gaussian,lower_narrow_direction,oracle,mode,soft,32,4,1.0,16,16,3,0.1875,0,1.0,15.856848943047225
mode-aligned-ablation-M32-std1,gaussian__lower_narrow_direction__best__m32,gaussian,lower_narrow_direction,oracle,mode,best,32,4,1.0,16,16,3,0.1875,0,1.0,15.760755742026959
mode-aligned-ablation-M32-std1,gaussian__lower_narrow_width__soft__m32,gaussian,lower_narrow_width,oracle,mode,soft,32,4,1.0,16,16,3,0.1875,0,1.0,15.850597009062767
mode-aligned-ablation-M32-std1,gaussian__lower_narrow_width__best__m32,gaussian,lower_narrow_width,oracle,mode,best,32,4,1.0,16,16,3,0.1875,0,1.0,15.873598885023966
mode-aligned-ablation-M32-std1,gaussian__lower_wide_direction__soft__m32,gaussian,lower_wide_direction,oracle,mode,soft,32,4,1.0,16,16,9,0.5625,0,1.0,15.89749386504991
mode-aligned-ablation-M32-std1,gaussian__lower_wide_direction__best__m32,gaussian,lower_wide_direction,oracle,mode,best,32,4,1.0,16,16,9,0.5625,0,1.0,15.873905966000166
mode-aligned-ablation-M32-std1,gaussian__lower_wide_width__soft__m32,gaussian,lower_wide_width,oracle,mode,soft,32,4,1.0,16,16,9,0.5625,0,1.0,15.891428883071057
mode-aligned-ablation-M32-std1,gaussian__lower_wide_width__best__m32,gaussian,lower_wide_width,oracle,mode,best,32,4,1.0,16,16,9,0.5625,0,1.0,15.89554041804513
mode-aligned-ablation-M128-std1,centered__upper_narrow_direction__soft__m128,centered,upper_narrow_direction,oracle,mode,soft,128,4,1.0,16,16,16,1.0,0,1.0,14.423151167924516
mode-aligned-ablation-M128-std1,centered__upper_narrow_direction__best__m128,centered,upper_narrow_direction,oracle,mode,best,128,4,1.0,16,16,16,1.0,0,1.0,13.997811938053928
mode-aligned-ablation-M128-std1,centered__upper_narrow_width__soft__m128,centered,upper_narrow_width,oracle,mode,soft,128,4,1.0,16,16,12,0.75,0,1.0,14.141398072941229
mode-aligned-ablation-M128-std1,centered__upper_narrow_width__best__m128,centered,upper_narrow_width,oracle,mode,best,128,4,1.0,16,16,16,1.0,0,1.0,15.885357470950112
mode-aligned-ablation-M128-std1,centered__upper_wide_direction__soft__m128,centered,upper_wide_direction,oracle,mode,soft,128,4,1.0,16,16,0,0.0,0,1.0,14.023273941071238
mode-aligned-ablation-M128-std1,centered__upper_wide_direction__best__m128,centered,upper_wide_direction,oracle,mode,best,128,4,1.0,16,16,0,0.0,0,1.0,14.179651174054015
mode-aligned-ablation-M128-std1,centered__upper_wide_width__soft__m128,centered,upper_wide_width,oracle,mode,soft,128,4,1.0,16,16,0,0.0,0,1.0,14.145437320810743
mode-aligned-ablation-M128-std1,centered__upper_wide_width__best__m128,centered,upper_wide_width,oracle,mode,best,128,4,1.0,16,16,0,0.0,0,1.0,13.980340530979447
mode-aligned-ablation-M128-std1,centered__lower_narrow_direction__soft__m128,centered,lower_narrow_direction,oracle,mode,soft,128,4,1.0,16,16,16,1.0,0,1.0,13.978728967078496
mode-aligned-ablation-M128-std1,centered__lower_narrow_direction__best__m128,centered,lower_narrow_direction,oracle,mode,best,128,4,1.0,16,16,16,1.0,0,1.0,14.266569564992096
mode-aligned-ablation-M128-std1,centered__lower_narrow_width__soft__m128,centered,lower_narrow_width,oracle,mode,soft,128,4,1.0,16,16,16,1.0,0,1.0,14.1609279649565
mode-aligned-ablation-M128-std1,centered__lower_narrow_width__best__m128,centered,lower_narrow_width,oracle,mode,best,128,4,1.0,16,16,16,1.0,0,1.0,15.426139070943464
mode-aligned-ablation-M128-std1,centered__lower_wide_direction__soft__m128,centered,lower_wide_direction,oracle,mode,soft,128,4,1.0,16,16,0,0.0,0,1.0,13.580665756948292
mode-aligned-ablation-M128-std1,centered__lower_wide_direction__best__m128,centered,lower_wide_direction,oracle,mode,best,128,4,1.0,16,16,0,0.0,0,1.0,13.59378162806388
mode-aligned-ablation-M128-std1,centered__lower_wide_width__soft__m128,centered,lower_wide_width,oracle,mode,soft,128,4,1.0,16,16,0,0.0,0,1.0,13.653391860949341
mode-aligned-ablation-M128-std1,centered__lower_wide_width__best__m128,centered,lower_wide_width,oracle,mode,best,128,4,1.0,16,16,0,0.0,0,1.0,13.640433060994837
mode-aligned-ablation-M128-std1,gaussian__upper_narrow_direction__soft__m128,gaussian,upper_narrow_direction,oracle,mode,soft,128,4,1.0,16,16,2,0.125,0,1.0,13.61518344306387
mode-aligned-ablation-M128-std1,gaussian__upper_narrow_direction__best__m128,gaussian,upper_narrow_direction,oracle,mode,best,128,4,1.0,16,16,3,0.1875,0,1.0,13.647094699030276
mode-aligned-ablation-M128-std1,gaussian__upper_narrow_width__soft__m128,gaussian,upper_narrow_width,oracle,mode,soft,128,4,1.0,16,16,3,0.1875,0,1.0,13.706579311925452
mode-aligned-ablation-M128-std1,gaussian__upper_narrow_width__best__m128,gaussian,upper_narrow_width,oracle,mode,best,128,4,1.0,16,16,3,0.1875,0,1.0,13.756973754090723
mode-aligned-ablation-M128-std1,gaussian__upper_wide_direction__soft__m128,gaussian,upper_wide_direction,oracle,mode,soft,128,4,1.0,16,16,6,0.375,0,1.0,13.670478347048629
mode-aligned-ablation-M128-std1,gaussian__upper_wide_direction__best__m128,gaussian,upper_wide_direction,oracle,mode,best,128,4,1.0,16,16,6,0.375,0,1.0,13.619880848098546
mode-aligned-ablation-M128-std1,gaussian__upper_wide_width__soft__m128,gaussian,upper_wide_width,oracle,mode,soft,128,4,1.0,16,16,6,0.375,0,1.0,13.738109245023225
mode-aligned-ablation-M128-std1,gaussian__upper_wide_width__best__m128,gaussian,upper_wide_width,oracle,mode,best,128,4,1.0,16,16,6,0.375,0,1.0,13.739055180980358
mode-aligned-ablation-M128-std1,gaussian__lower_narrow_direction__soft__m128,gaussian,lower_narrow_direction,oracle,mode,soft,128,4,1.0,16,16,2,0.125,0,1.0,13.666949971055146
mode-aligned-ablation-M128-std1,gaussian__lower_narrow_direction__best__m128,gaussian,lower_narrow_direction,oracle,mode,best,128,4,1.0,16,16,4,0.25,0,1.0,13.752062618965283
mode-aligned-ablation-M128-std1,gaussian__lower_narrow_width__soft__m128,gaussian,lower_narrow_width,oracle,mode,soft,128,4,1.0,16,16,4,0.25,0,1.0,13.756111463939305
mode-aligned-ablation-M128-std1,gaussian__lower_narrow_width__best__m128,gaussian,lower_narrow_width,oracle,mode,best,128,4,1.0,16,16,4,0.25,0,1.0,13.781104442954529
mode-aligned-ablation-M128-std1,gaussian__lower_wide_direction__soft__m128,gaussian,lower_wide_direction,oracle,mode,soft,128,4,1.0,16,16,9,0.5625,0,1.0,13.733661736012436
mode-aligned-ablation-M128-std1,gaussian__lower_wide_direction__best__m128,gaussian,lower_wide_direction,oracle,mode,best,128,4,1.0,16,16,9,0.5625,0,1.0,13.755226490960922
mode-aligned-ablation-M128-std1,gaussian__lower_wide_width__soft__m128,gaussian,lower_wide_width,oracle,mode,soft,128,4,1.0,16,16,9,0.5625,0,1.0,13.761802174965851
mode-aligned-ablation-M128-std1,gaussian__lower_wide_width__best__m128,gaussian,lower_wide_width,oracle,mode,best,128,4,1.0,16,16,9,0.5625,0,1.0,13.62738876795629
mode-aligned-best-M128-std8,centered__upper_narrow_direction__oracle_best,centered,upper_narrow_direction,oracle,mode,best,128,4,8.0,16,16,16,1.0,0,0.61126708984375,13.699817402928602
mode-aligned-best-M128-std8,centered__upper_narrow_direction__learned_20,centered,upper_narrow_direction,learned20,mode,best,128,4,8.0,16,16,16,1.0,0,0.61126708984375,13.676244770991616
mode-aligned-best-M128-std8,centered__upper_narrow_width__oracle_best,centered,upper_narrow_width,oracle,mode,best,128,4,8.0,16,16,16,1.0,0,0.61126708984375,13.719924114877358
mode-aligned-best-M128-std8,centered__upper_narrow_width__learned_20,centered,upper_narrow_width,learned20,mode,best,128,4,8.0,16,16,16,1.0,0,0.61126708984375,13.690338094020262
mode-aligned-best-M128-std8,centered__upper_wide_direction__oracle_best,centered,upper_wide_direction,oracle,mode,best,128,4,8.0,16,16,16,1.0,0,0.62066650390625,13.69516100693727
mode-aligned-best-M128-std8,centered__upper_wide_direction__learned_20,centered,upper_wide_direction,learned20,mode,best,128,4,8.0,16,16,16,1.0,0,0.62066650390625,13.601114036049694
mode-aligned-best-M128-std8,centered__upper_wide_width__oracle_best,centered,upper_wide_width,oracle,mode,best,128,4,8.0,16,16,16,1.0,0,0.62066650390625,13.45285330893239
mode-aligned-best-M128-std8,centered__upper_wide_width__learned_20,centered,upper_wide_width,learned20,mode,best,128,4,8.0,16,16,16,1.0,0,0.62066650390625,13.450286275008693
mode-aligned-best-M128-std8,centered__lower_narrow_direction__oracle_best,centered,lower_narrow_direction,oracle,mode,best,128,4,8.0,16,16,16,1.0,0,0.61456298828125,13.446968621050473
mode-aligned-best-M128-std8,centered__lower_narrow_direction__learned_20,centered,lower_narrow_direction,learned20,mode,best,128,4,8.0,16,16,16,1.0,0,0.61456298828125,13.456460768938996
mode-aligned-best-M128-std8,centered__lower_narrow_width__oracle_best,centered,lower_narrow_width,oracle,mode,best,128,4,8.0,16,16,16,1.0,0,0.61456298828125,13.676678967953194
mode-aligned-best-M128-std8,centered__lower_narrow_width__learned_20,centered,lower_narrow_width,learned20,mode,best,128,4,8.0,16,16,16,1.0,0,0.61456298828125,13.507708441989962
mode-aligned-best-M128-std8,centered__lower_wide_direction__oracle_best,centered,lower_wide_direction,oracle,mode,best,128,4,8.0,16,16,16,1.0,0,0.6214599609375,13.504535548971035
mode-aligned-best-M128-std8,centered__lower_wide_direction__learned_20,centered,lower_wide_direction,learned20,mode,best,128,4,8.0,16,16,16,1.0,0,0.6214599609375,13.492750415054616
mode-aligned-best-M128-std8,centered__lower_wide_width__oracle_best,centered,lower_wide_width,oracle,mode,best,128,4,8.0,16,16,16,1.0,0,0.6214599609375,13.61287706613075
mode-aligned-best-M128-std8,centered__lower_wide_width__learned_20,centered,lower_wide_width,learned20,mode,best,128,4,8.0,16,16,16,1.0,0,0.6214599609375,13.439786672999617
mode-aligned-best-M128-std8,gaussian__upper_narrow_direction__oracle_best,gaussian,upper_narrow_direction,oracle,mode,best,128,4,8.0,16,16,16,1.0,0,0.61578369140625,13.104789459845051
mode-aligned-best-M128-std8,gaussian__upper_narrow_direction__learned_20,gaussian,upper_narrow_direction,learned20,mode,best,128,4,8.0,16,16,16,1.0,0,0.61578369140625,13.264983160072006
mode-aligned-best-M128-std8,gaussian__upper_narrow_width__oracle_best,gaussian,upper_narrow_width,oracle,mode,best,128,4,8.0,16,16,16,1.0,0,0.61578369140625,13.122240935044829
mode-aligned-best-M128-std8,gaussian__upper_narrow_width__learned_20,gaussian,upper_narrow_width,learned20,mode,best,128,4,8.0,16,16,16,1.0,0,0.61578369140625,13.06325519195525
mode-aligned-best-M128-std8,gaussian__upper_wide_direction__oracle_best,gaussian,upper_wide_direction,oracle,mode,best,128,4,8.0,16,16,13,0.8125,0,0.6204833984375,13.092838319949806
mode-aligned-best-M128-std8,gaussian__upper_wide_direction__learned_20,gaussian,upper_wide_direction,learned20,mode,best,128,4,8.0,16,16,13,0.8125,0,0.6204833984375,13.295326033956371
mode-aligned-best-M128-std8,gaussian__upper_wide_width__oracle_best,gaussian,upper_wide_width,oracle,mode,best,128,4,8.0,16,16,12,0.75,0,0.61993408203125,13.22305829502875
mode-aligned-best-M128-std8,gaussian__upper_wide_width__learned_20,gaussian,upper_wide_width,learned20,mode,best,128,4,8.0,16,16,12,0.75,0,0.61993408203125,13.334867845056579
mode-aligned-best-M128-std8,gaussian__lower_narrow_direction__oracle_best,gaussian,lower_narrow_direction,oracle,mode,best,128,4,8.0,16,16,16,1.0,0,0.619384765625,13.28671693004435
mode-aligned-best-M128-std8,gaussian__lower_narrow_direction__learned_20,gaussian,lower_narrow_direction,learned20,mode,best,128,4,8.0,16,16,16,1.0,0,0.619384765625,13.14053883694578
mode-aligned-best-M128-std8,gaussian__lower_narrow_width__oracle_best,gaussian,lower_narrow_width,oracle,mode,best,128,4,8.0,16,16,16,1.0,0,0.619384765625,13.077604682010133
mode-aligned-best-M128-std8,gaussian__lower_narrow_width__learned_20,gaussian,lower_narrow_width,learned20,mode,best,128,4,8.0,16,16,16,1.0,0,0.619384765625,13.082756287942175
mode-aligned-best-M128-std8,gaussian__lower_wide_direction__oracle_best,gaussian,lower_wide_direction,oracle,mode,best,128,4,8.0,16,16,15,0.9375,0,0.62420654296875,13.127778203983326
mode-aligned-best-M128-std8,gaussian__lower_wide_direction__learned_20,gaussian,lower_wide_direction,learned20,mode,best,128,4,8.0,16,16,15,0.9375,0,0.62420654296875,13.192143271968234
mode-aligned-best-M128-std8,gaussian__lower_wide_width__oracle_best,gaussian,lower_wide_width,oracle,mode,best,128,4,8.0,16,16,15,0.9375,0,0.622802734375,13.117004960076883
mode-aligned-best-M128-std8,gaussian__lower_wide_width__learned_20,gaussian,lower_wide_width,learned20,mode,best,128,4,8.0,16,16,15,0.9375,0,0.622802734375,13.099358425068203
